{"file:///d%3A/UAC%20TRY-1/static/uac/styles/base.css":{"language":"CSS","code":174,"comment":2,"blank":38},"file:///d%3A/UAC%20TRY-1/static/uac/styles/goods.css":{"language":"CSS","code":279,"comment":2,"blank":54},"file:///d%3A/UAC%20TRY-1/static/uac/styles/more.css":{"language":"CSS","code":569,"comment":10,"blank":73},"file:///d%3A/UAC%20TRY-1/static/uac/styles/select.css":{"language":"CSS","code":371,"comment":2,"blank":71},"file:///d%3A/UAC%20TRY-1/static/uac/styles/home.css":{"language":"CSS","code":635,"comment":5,"blank":81},"file:///d%3A/UAC%20TRY-1/static/uac/styles/payment_success.css":{"language":"CSS","code":654,"comment":0,"blank":19},"file:///d%3A/UAC%20TRY-1/static/uac/styles/about.css":{"language":"CSS","code":479,"comment":4,"blank":76},"file:///d%3A/UAC%20TRY-1/static/uac/styles/result1.css":{"language":"CSS","code":699,"comment":63,"blank":86},"file:///d%3A/UAC%20TRY-1/static/uac/styles/reserve.css":{"language":"CSS","code":190,"comment":2,"blank":42},"file:///d%3A/UAC%20TRY-1/static/uac/styles/ships.css":{"language":"CSS","code":486,"comment":8,"blank":68},"file:///d%3A/UAC%20TRY-1/static/uac/styles/404.css":{"language":"CSS","code":60,"comment":0,"blank":5},"file:///d%3A/UAC%20TRY-1/static/uac/styles/test1.css":{"language":"CSS","code":257,"comment":2,"blank":58},"file:///d%3A/UAC%20TRY-1/static/uac/styles/success.css":{"language":"CSS","code":294,"comment":2,"blank":63},"file:///d%3A/UAC%20TRY-1/static/uac/styles/xwing.css":{"language":"CSS","code":340,"comment":5,"blank":53},"file:///d%3A/UAC%20TRY-1/static/uac/styles/transport.css":{"language":"CSS","code":0,"comment":0,"blank":1},"file:///d%3A/UAC%20TRY-1/static/uac/styles/tickets.css":{"language":"CSS","code":252,"comment":2,"blank":51}}