{"file:///d%3A/UAC%20TRY-1/templates/payment_success.html":{"language":"HTML","code":52,"comment":0,"blank":19},"file:///d%3A/UAC%20TRY-1/templates/transport.html":{"language":"HTML","code":75,"comment":0,"blank":7},"file:///d%3A/UAC%20TRY-1/templates/ships.html":{"language":"HTML","code":225,"comment":5,"blank":76},"file:///d%3A/UAC%20TRY-1/templates/goods.html":{"language":"HTML","code":274,"comment":1,"blank":48},"file:///d%3A/UAC%20TRY-1/templates/more.html":{"language":"HTML","code":268,"comment":6,"blank":104},"file:///d%3A/UAC%20TRY-1/templates/xwing.html":{"language":"HTML","code":194,"comment":4,"blank":45},"file:///d%3A/UAC%20TRY-1/templates/select.html":{"language":"HTML","code":204,"comment":0,"blank":46},"file:///d%3A/UAC%20TRY-1/templates/404.html":{"language":"HTML","code":116,"comment":0,"blank":10},"file:///d%3A/UAC%20TRY-1/templates/success.html":{"language":"HTML","code":47,"comment":0,"blank":15},"file:///d%3A/UAC%20TRY-1/templates/home.html":{"language":"HTML","code":302,"comment":3,"blank":89},"file:///d%3A/UAC%20TRY-1/templates/about.html":{"language":"HTML","code":244,"comment":0,"blank":73}}