"filename", "language", "Python", "JavaScript", "SCSS", "CSS", "comment", "blank", "total"
"d:\UAC TRY-1\static\assets\bootstrap\css\bootstrap-grid.css", "CSS", 0, 0, 0, -3908, -7, -1136, -5051
"d:\UAC TRY-1\static\assets\bootstrap\css\bootstrap-grid.min.css", "CSS", 0, 0, 0, -1, -6, 0, -7
"d:\UAC TRY-1\static\assets\bootstrap\css\bootstrap-grid.rtl.css", "CSS", 0, 0, 0, -3908, -7, -1135, -5050
"d:\UAC TRY-1\static\assets\bootstrap\css\bootstrap-grid.rtl.min.css", "CSS", 0, 0, 0, -1, -6, 0, -7
"d:\UAC TRY-1\static\assets\bootstrap\css\bootstrap-reboot.css", "CSS", 0, 0, 0, -403, -16, -66, -485
"d:\UAC TRY-1\static\assets\bootstrap\css\bootstrap-reboot.min.css", "CSS", 0, 0, 0, -1, -7, 0, -8
"d:\UAC TRY-1\static\assets\bootstrap\css\bootstrap-reboot.rtl.css", "CSS", 0, 0, 0, -409, -8, -65, -482
"d:\UAC TRY-1\static\assets\bootstrap\css\bootstrap-reboot.rtl.min.css", "CSS", 0, 0, 0, -1, -7, 0, -8
"d:\UAC TRY-1\static\assets\bootstrap\css\bootstrap-utilities.css", "CSS", 0, 0, 0, -3729, -9, -1128, -4866
"d:\UAC TRY-1\static\assets\bootstrap\css\bootstrap-utilities.min.css", "CSS", 0, 0, 0, -1, -6, 0, -7
"d:\UAC TRY-1\static\assets\bootstrap\css\bootstrap-utilities.rtl.css", "CSS", 0, 0, 0, -3725, -7, -1125, -4857
"d:\UAC TRY-1\static\assets\bootstrap\css\bootstrap-utilities.rtl.min.css", "CSS", 0, 0, 0, -1, -6, 0, -7
"d:\UAC TRY-1\static\assets\bootstrap\css\bootstrap.css", "CSS", 0, 0, 0, -9497, -27, -1742, -11266
"d:\UAC TRY-1\static\assets\bootstrap\css\bootstrap.min.css", "CSS", 0, 0, 0, -2, -5, 0, -7
"d:\UAC TRY-1\static\assets\bootstrap\css\bootstrap.rtl.css", "CSS", 0, 0, 0, -9499, -7, -1736, -11242
"d:\UAC TRY-1\static\assets\bootstrap\css\bootstrap.rtl.min.css", "CSS", 0, 0, 0, -2, -5, 0, -7
"d:\UAC TRY-1\static\assets\bootstrap\js\bootstrap.bundle.js", "JavaScript", 0, -4855, 0, 0, -600, -1358, -6813
"d:\UAC TRY-1\static\assets\bootstrap\js\bootstrap.bundle.min.js", "JavaScript", 0, -1, 0, 0, -6, 0, -7
"d:\UAC TRY-1\static\assets\bootstrap\js\bootstrap.esm.js", "JavaScript", 0, -3432, 0, 0, -495, -1073, -5000
"d:\UAC TRY-1\static\assets\bootstrap\js\bootstrap.esm.min.js", "JavaScript", 0, -1, 0, 0, -6, 0, -7
"d:\UAC TRY-1\static\assets\bootstrap\js\bootstrap.js", "JavaScript", 0, -3469, 0, 0, -501, -1077, -5047
"d:\UAC TRY-1\static\assets\bootstrap\js\bootstrap.min.js", "JavaScript", 0, -1, 0, 0, -6, 0, -7
"d:\UAC TRY-1\static\assets\bootstrap\js\popper.min.js", "JavaScript", 0, -236, 0, 0, -3, -38, -277
"d:\UAC TRY-1\static\assets\default\css\style.css", "CSS", 0, 0, 0, -156, -1, -29, -186
"d:\UAC TRY-1\static\assets\default\js\jquery-3.6.0.min.js", "JavaScript", 0, -1596, 0, 0, 0, -71, -1667
"d:\UAC TRY-1\static\assets\default\js\script.js", "JavaScript", 0, 0, 0, 0, 0, -1, -1
"d:\UAC TRY-1\static\assets\select2\dist\css\select2.css", "CSS", 0, 0, 0, -478, 0, -60, -538
"d:\UAC TRY-1\static\assets\select2\dist\css\select2.min.css", "CSS", 0, 0, 0, -1, 0, -1, -2
"d:\UAC TRY-1\static\assets\select2\dist\js\i18n\af.js", "JavaScript", 0, -1, 0, 0, -1, -1, -3
"d:\UAC TRY-1\static\assets\select2\dist\js\i18n\ar.js", "JavaScript", 0, -1, 0, 0, -1, -1, -3
"d:\UAC TRY-1\static\assets\select2\dist\js\i18n\az.js", "JavaScript", 0, -1, 0, 0, -1, -1, -3
"d:\UAC TRY-1\static\assets\select2\dist\js\i18n\bg.js", "JavaScript", 0, -1, 0, 0, -1, -1, -3
"d:\UAC TRY-1\static\assets\select2\dist\js\i18n\bn.js", "JavaScript", 0, -1, 0, 0, -1, -1, -3
"d:\UAC TRY-1\static\assets\select2\dist\js\i18n\bs.js", "JavaScript", 0, -1, 0, 0, -1, -1, -3
"d:\UAC TRY-1\static\assets\select2\dist\js\i18n\ca.js", "JavaScript", 0, -1, 0, 0, -1, -1, -3
"d:\UAC TRY-1\static\assets\select2\dist\js\i18n\cs.js", "JavaScript", 0, -1, 0, 0, -1, -1, -3
"d:\UAC TRY-1\static\assets\select2\dist\js\i18n\da.js", "JavaScript", 0, -1, 0, 0, -1, -1, -3
"d:\UAC TRY-1\static\assets\select2\dist\js\i18n\de.js", "JavaScript", 0, -1, 0, 0, -1, -1, -3
"d:\UAC TRY-1\static\assets\select2\dist\js\i18n\dsb.js", "JavaScript", 0, -1, 0, 0, -1, -1, -3
"d:\UAC TRY-1\static\assets\select2\dist\js\i18n\el.js", "JavaScript", 0, -1, 0, 0, -1, -1, -3
"d:\UAC TRY-1\static\assets\select2\dist\js\i18n\en.js", "JavaScript", 0, -1, 0, 0, -1, -1, -3
"d:\UAC TRY-1\static\assets\select2\dist\js\i18n\eo.js", "JavaScript", 0, -1, 0, 0, -1, -1, -3
"d:\UAC TRY-1\static\assets\select2\dist\js\i18n\es.js", "JavaScript", 0, -1, 0, 0, -1, -1, -3
"d:\UAC TRY-1\static\assets\select2\dist\js\i18n\et.js", "JavaScript", 0, -1, 0, 0, -1, -1, -3
"d:\UAC TRY-1\static\assets\select2\dist\js\i18n\eu.js", "JavaScript", 0, -1, 0, 0, -1, -1, -3
"d:\UAC TRY-1\static\assets\select2\dist\js\i18n\fa.js", "JavaScript", 0, -1, 0, 0, -1, -1, -3
"d:\UAC TRY-1\static\assets\select2\dist\js\i18n\fi.js", "JavaScript", 0, -1, 0, 0, -1, -1, -3
"d:\UAC TRY-1\static\assets\select2\dist\js\i18n\fr.js", "JavaScript", 0, -1, 0, 0, -1, -1, -3
"d:\UAC TRY-1\static\assets\select2\dist\js\i18n\gl.js", "JavaScript", 0, -1, 0, 0, -1, -1, -3
"d:\UAC TRY-1\static\assets\select2\dist\js\i18n\he.js", "JavaScript", 0, -1, 0, 0, -1, -1, -3
"d:\UAC TRY-1\static\assets\select2\dist\js\i18n\hi.js", "JavaScript", 0, -1, 0, 0, -1, -1, -3
"d:\UAC TRY-1\static\assets\select2\dist\js\i18n\hr.js", "JavaScript", 0, -1, 0, 0, -1, -1, -3
"d:\UAC TRY-1\static\assets\select2\dist\js\i18n\hsb.js", "JavaScript", 0, -1, 0, 0, -1, -1, -3
"d:\UAC TRY-1\static\assets\select2\dist\js\i18n\hu.js", "JavaScript", 0, -1, 0, 0, -1, -1, -3
"d:\UAC TRY-1\static\assets\select2\dist\js\i18n\hy.js", "JavaScript", 0, -1, 0, 0, -1, -1, -3
"d:\UAC TRY-1\static\assets\select2\dist\js\i18n\id.js", "JavaScript", 0, -1, 0, 0, -1, -1, -3
"d:\UAC TRY-1\static\assets\select2\dist\js\i18n\is.js", "JavaScript", 0, -1, 0, 0, -1, -1, -3
"d:\UAC TRY-1\static\assets\select2\dist\js\i18n\it.js", "JavaScript", 0, -1, 0, 0, -1, -1, -3
"d:\UAC TRY-1\static\assets\select2\dist\js\i18n\ja.js", "JavaScript", 0, -1, 0, 0, -1, -1, -3
"d:\UAC TRY-1\static\assets\select2\dist\js\i18n\ka.js", "JavaScript", 0, -1, 0, 0, -1, -1, -3
"d:\UAC TRY-1\static\assets\select2\dist\js\i18n\km.js", "JavaScript", 0, -1, 0, 0, -1, -1, -3
"d:\UAC TRY-1\static\assets\select2\dist\js\i18n\ko.js", "JavaScript", 0, -1, 0, 0, -1, -1, -3
"d:\UAC TRY-1\static\assets\select2\dist\js\i18n\lt.js", "JavaScript", 0, -1, 0, 0, -1, -1, -3
"d:\UAC TRY-1\static\assets\select2\dist\js\i18n\lv.js", "JavaScript", 0, -1, 0, 0, -1, -1, -3
"d:\UAC TRY-1\static\assets\select2\dist\js\i18n\mk.js", "JavaScript", 0, -1, 0, 0, -1, -1, -3
"d:\UAC TRY-1\static\assets\select2\dist\js\i18n\ms.js", "JavaScript", 0, -1, 0, 0, -1, -1, -3
"d:\UAC TRY-1\static\assets\select2\dist\js\i18n\nb.js", "JavaScript", 0, -1, 0, 0, -1, -1, -3
"d:\UAC TRY-1\static\assets\select2\dist\js\i18n\ne.js", "JavaScript", 0, -1, 0, 0, -1, -1, -3
"d:\UAC TRY-1\static\assets\select2\dist\js\i18n\nl.js", "JavaScript", 0, -1, 0, 0, -1, -1, -3
"d:\UAC TRY-1\static\assets\select2\dist\js\i18n\pa.js", "JavaScript", 0, -1, 0, 0, -1, -1, -3
"d:\UAC TRY-1\static\assets\select2\dist\js\i18n\pl.js", "JavaScript", 0, -1, 0, 0, -1, -1, -3
"d:\UAC TRY-1\static\assets\select2\dist\js\i18n\ps.js", "JavaScript", 0, -1, 0, 0, -1, -1, -3
"d:\UAC TRY-1\static\assets\select2\dist\js\i18n\pt-BR.js", "JavaScript", 0, -1, 0, 0, -1, -1, -3
"d:\UAC TRY-1\static\assets\select2\dist\js\i18n\pt.js", "JavaScript", 0, -1, 0, 0, -1, -1, -3
"d:\UAC TRY-1\static\assets\select2\dist\js\i18n\ro.js", "JavaScript", 0, -1, 0, 0, -1, -1, -3
"d:\UAC TRY-1\static\assets\select2\dist\js\i18n\ru.js", "JavaScript", 0, -1, 0, 0, -1, -1, -3
"d:\UAC TRY-1\static\assets\select2\dist\js\i18n\sk.js", "JavaScript", 0, -1, 0, 0, -1, -1, -3
"d:\UAC TRY-1\static\assets\select2\dist\js\i18n\sl.js", "JavaScript", 0, -1, 0, 0, -1, -1, -3
"d:\UAC TRY-1\static\assets\select2\dist\js\i18n\sq.js", "JavaScript", 0, -1, 0, 0, -1, -1, -3
"d:\UAC TRY-1\static\assets\select2\dist\js\i18n\sr-Cyrl.js", "JavaScript", 0, -1, 0, 0, -1, -1, -3
"d:\UAC TRY-1\static\assets\select2\dist\js\i18n\sr.js", "JavaScript", 0, -1, 0, 0, -1, -1, -3
"d:\UAC TRY-1\static\assets\select2\dist\js\i18n\sv.js", "JavaScript", 0, -1, 0, 0, -1, -1, -3
"d:\UAC TRY-1\static\assets\select2\dist\js\i18n\te.js", "JavaScript", 0, -1, 0, 0, -1, -1, -3
"d:\UAC TRY-1\static\assets\select2\dist\js\i18n\th.js", "JavaScript", 0, -1, 0, 0, -1, -1, -3
"d:\UAC TRY-1\static\assets\select2\dist\js\i18n\tk.js", "JavaScript", 0, -1, 0, 0, -1, -1, -3
"d:\UAC TRY-1\static\assets\select2\dist\js\i18n\tr.js", "JavaScript", 0, -1, 0, 0, -1, -1, -3
"d:\UAC TRY-1\static\assets\select2\dist\js\i18n\uk.js", "JavaScript", 0, -1, 0, 0, -1, -1, -3
"d:\UAC TRY-1\static\assets\select2\dist\js\i18n\vi.js", "JavaScript", 0, -1, 0, 0, -1, -1, -3
"d:\UAC TRY-1\static\assets\select2\dist\js\i18n\zh-CN.js", "JavaScript", 0, -1, 0, 0, -1, -1, -3
"d:\UAC TRY-1\static\assets\select2\dist\js\i18n\zh-TW.js", "JavaScript", 0, -1, 0, 0, -1, -1, -3
"d:\UAC TRY-1\static\assets\select2\dist\js\select2.full.js", "JavaScript", 0, -4879, 0, 0, -369, -1274, -6522
"d:\UAC TRY-1\static\assets\select2\dist\js\select2.full.min.js", "JavaScript", 0, -1, 0, 0, -1, 0, -2
"d:\UAC TRY-1\static\assets\select2\dist\js\select2.js", "JavaScript", 0, -4659, 0, 0, -326, -1225, -6210
"d:\UAC TRY-1\static\assets\select2\dist\js\select2.min.js", "JavaScript", 0, -1, 0, 0, -1, 0, -2
"d:\UAC TRY-1\static\assets\select2\src\js\banner.end.js", "JavaScript", 0, -5, 0, 0, -1, -1, -7
"d:\UAC TRY-1\static\assets\select2\src\js\banner.start.js", "JavaScript", 0, -4, 0, 0, -2, -1, -7
"d:\UAC TRY-1\static\assets\select2\src\js\jquery.mousewheel.shim.js", "JavaScript", 0, -5, 0, 0, -1, -1, -7
"d:\UAC TRY-1\static\assets\select2\src\js\jquery.select2.js", "JavaScript", 0, -44, 0, 0, -2, -13, -59
"d:\UAC TRY-1\static\assets\select2\src\js\jquery.shim.js", "JavaScript", 0, -11, 0, 0, -1, -3, -15
"d:\UAC TRY-1\static\assets\select2\src\js\select2\core.js", "JavaScript", 0, -435, 0, 0, -29, -143, -607
"d:\UAC TRY-1\static\assets\select2\src\js\select2\data\ajax.js", "JavaScript", 0, -84, 0, 0, -4, -23, -111
"d:\UAC TRY-1\static\assets\select2\src\js\select2\data\array.js", "JavaScript", 0, -57, 0, 0, -2, -25, -84
"d:\UAC TRY-1\static\assets\select2\src\js\select2\data\base.js", "JavaScript", 0, -29, 0, 0, -2, -10, -41
"d:\UAC TRY-1\static\assets\select2\src\js\select2\data\maximumInputLength.js", "JavaScript", 0, -24, 0, 0, 0, -8, -32
"d:\UAC TRY-1\static\assets\select2\src\js\select2\data\maximumSelectionLength.js", "JavaScript", 0, -43, 0, 0, 0, -12, -55
"d:\UAC TRY-1\static\assets\select2\src\js\select2\data\minimumInputLength.js", "JavaScript", 0, -23, 0, 0, 0, -8, -31
"d:\UAC TRY-1\static\assets\select2\src\js\select2\data\select.js", "JavaScript", 0, -213, 0, 0, -4, -75, -292
"d:\UAC TRY-1\static\assets\select2\src\js\select2\data\tags.js", "JavaScript", 0, -94, 0, 0, 0, -37, -131
"d:\UAC TRY-1\static\assets\select2\src\js\select2\data\tokenizer.js", "JavaScript", 0, -81, 0, 0, -7, -29, -117
"d:\UAC TRY-1\static\assets\select2\src\js\select2\defaults.js", "JavaScript", 0, -333, 0, 0, -21, -84, -438
"d:\UAC TRY-1\static\assets\select2\src\js\select2\diacritics.js", "JavaScript", 0, -848, 0, 0, 0, -3, -851
"d:\UAC TRY-1\static\assets\select2\src\js\select2\dropdown.js", "JavaScript", 0, -29, 0, 0, -3, -11, -43
"d:\UAC TRY-1\static\assets\select2\src\js\select2\dropdown\attachBody.js", "JavaScript", 0, -191, 0, 0, -6, -64, -261
"d:\UAC TRY-1\static\assets\select2\src\js\select2\dropdown\attachContainer.js", "JavaScript", 0, -14, 0, 0, 0, -5, -19
"d:\UAC TRY-1\static\assets\select2\src\js\select2\dropdown\closeOnSelect.js", "JavaScript", 0, -25, 0, 0, -1, -10, -36
"d:\UAC TRY-1\static\assets\select2\src\js\select2\dropdown\dropdownCss.js", "JavaScript", 0, -16, 0, 0, 0, -8, -24
"d:\UAC TRY-1\static\assets\select2\src\js\select2\dropdown\hidePlaceholder.js", "JavaScript", 0, -31, 0, 0, 0, -12, -43
"d:\UAC TRY-1\static\assets\select2\src\js\select2\dropdown\infiniteScroll.js", "JavaScript", 0, -68, 0, 0, 0, -25, -93
"d:\UAC TRY-1\static\assets\select2\src\js\select2\dropdown\minimumResultsForSearch.js", "JavaScript", 0, -29, 0, 0, 0, -11, -40
"d:\UAC TRY-1\static\assets\select2\src\js\select2\dropdown\search.js", "JavaScript", 0, -87, 0, 0, -4, -28, -119
"d:\UAC TRY-1\static\assets\select2\src\js\select2\dropdown\selectOnClose.js", "JavaScript", 0, -35, 0, 0, -4, -12, -51
"d:\UAC TRY-1\static\assets\select2\src\js\select2\dropdown\stopPropagation.js", "JavaScript", 0, -33, 0, 0, 0, -6, -39
"d:\UAC TRY-1\static\assets\select2\src\js\select2\dropdown\tagsSearchHighlight.js", "JavaScript", 0, -25, 0, 0, 0, -7, -32
"d:\UAC TRY-1\static\assets\select2\src\js\select2\i18n\af.js", "JavaScript", 0, -39, 0, 0, -1, -8, -48
"d:\UAC TRY-1\static\assets\select2\src\js\select2\i18n\ar.js", "JavaScript", 0, -30, 0, 0, -1, -2, -33
"d:\UAC TRY-1\static\assets\select2\src\js\select2\i18n\az.js", "JavaScript", 0, -27, 0, 0, -1, -3, -31
"d:\UAC TRY-1\static\assets\select2\src\js\select2\i18n\bg.js", "JavaScript", 0, -41, 0, 0, -1, -9, -51
"d:\UAC TRY-1\static\assets\select2\src\js\select2\i18n\bn.js", "JavaScript", 0, -36, 0, 0, -1, -8, -45
"d:\UAC TRY-1\static\assets\select2\src\js\select2\i18n\bs.js", "JavaScript", 0, -46, 0, 0, -1, -12, -59
"d:\UAC TRY-1\static\assets\select2\src\js\select2\i18n\ca.js", "JavaScript", 0, -46, 0, 0, -1, -9, -56
"d:\UAC TRY-1\static\assets\select2\src\js\select2\i18n\cs.js", "JavaScript", 0, -60, 0, 0, -1, -4, -65
"d:\UAC TRY-1\static\assets\select2\src\js\select2\i18n\da.js", "JavaScript", 0, -34, 0, 0, -1, -4, -39
"d:\UAC TRY-1\static\assets\select2\src\js\select2\i18n\de.js", "JavaScript", 0, -35, 0, 0, -1, -6, -42
"d:\UAC TRY-1\static\assets\select2\src\js\select2\i18n\dsb.js", "JavaScript", 0, -46, 0, 0, -2, -5, -53
"d:\UAC TRY-1\static\assets\select2\src\js\select2\i18n\el.js", "JavaScript", 0, -46, 0, 0, -1, -8, -55
"d:\UAC TRY-1\static\assets\select2\src\js\select2\i18n\en.js", "JavaScript", 0, -45, 0, 0, -1, -8, -54
"d:\UAC TRY-1\static\assets\select2\src\js\select2\i18n\eo.js", "JavaScript", 0, -43, 0, 0, -1, -8, -52
"d:\UAC TRY-1\static\assets\select2\src\js\select2\i18n\es.js", "JavaScript", 0, -46, 0, 0, -1, -9, -56
"d:\UAC TRY-1\static\assets\select2\src\js\select2\i18n\et.js", "JavaScript", 0, -44, 0, 0, -1, -12, -57
"d:\UAC TRY-1\static\assets\select2\src\js\select2\i18n\eu.js", "JavaScript", 0, -45, 0, 0, -1, -9, -55
"d:\UAC TRY-1\static\assets\select2\src\js\select2\i18n\fa.js", "JavaScript", 0, -33, 0, 0, -3, -6, -42
"d:\UAC TRY-1\static\assets\select2\src\js\select2\i18n\fi.js", "JavaScript", 0, -30, 0, 0, -1, -3, -34
"d:\UAC TRY-1\static\assets\select2\src\js\select2\i18n\fr.js", "JavaScript", 0, -36, 0, 0, -1, -3, -40
"d:\UAC TRY-1\static\assets\select2\src\js\select2\i18n\gl.js", "JavaScript", 0, -39, 0, 0, -1, -2, -42
"d:\UAC TRY-1\static\assets\select2\src\js\select2\i18n\he.js", "JavaScript", 0, -49, 0, 0, -1, -10, -60
"d:\UAC TRY-1\static\assets\select2\src\js\select2\i18n\hi.js", "JavaScript", 0, -36, 0, 0, -1, -6, -43
"d:\UAC TRY-1\static\assets\select2\src\js\select2\i18n\hr.js", "JavaScript", 0, -41, 0, 0, -1, -6, -48
"d:\UAC TRY-1\static\assets\select2\src\js\select2\i18n\hsb.js", "JavaScript", 0, -46, 0, 0, -2, -5, -53
"d:\UAC TRY-1\static\assets\select2\src\js\select2\i18n\hu.js", "JavaScript", 0, -36, 0, 0, -1, -3, -40
"d:\UAC TRY-1\static\assets\select2\src\js\select2\i18n\hy.js", "JavaScript", 0, -35, 0, 0, -1, -6, -42
"d:\UAC TRY-1\static\assets\select2\src\js\select2\i18n\id.js", "JavaScript", 0, -30, 0, 0, -1, -3, -34
"d:\UAC TRY-1\static\assets\select2\src\js\select2\i18n\is.js", "JavaScript", 0, -36, 0, 0, -1, -8, -45
"d:\UAC TRY-1\static\assets\select2\src\js\select2\i18n\it.js", "JavaScript", 0, -43, 0, 0, -1, -8, -52
"d:\UAC TRY-1\static\assets\select2\src\js\select2\i18n\ja.js", "JavaScript", 0, -33, 0, 0, -1, -6, -40
"d:\UAC TRY-1\static\assets\select2\src\js\select2\i18n\ka.js", "JavaScript", 0, -34, 0, 0, -1, -6, -41
"d:\UAC TRY-1\static\assets\select2\src\js\select2\i18n\km.js", "JavaScript", 0, -33, 0, 0, -1, -6, -40
"d:\UAC TRY-1\static\assets\select2\src\js\select2\i18n\ko.js", "JavaScript", 0, -33, 0, 0, -1, -6, -40
"d:\UAC TRY-1\static\assets\select2\src\js\select2\i18n\lt.js", "JavaScript", 0, -44, 0, 0, -2, -10, -56
"d:\UAC TRY-1\static\assets\select2\src\js\select2\i18n\lv.js", "JavaScript", 0, -42, 0, 0, -1, -12, -55
"d:\UAC TRY-1\static\assets\select2\src\js\select2\i18n\mk.js", "JavaScript", 0, -41, 0, 0, -1, -9, -51
"d:\UAC TRY-1\static\assets\select2\src\js\select2\i18n\ms.js", "JavaScript", 0, -30, 0, 0, -1, -2, -33
"d:\UAC TRY-1\static\assets\select2\src\js\select2\i18n\nb.js", "JavaScript", 0, -30, 0, 0, -1, -3, -34
"d:\UAC TRY-1\static\assets\select2\src\js\select2\i18n\ne.js", "JavaScript", 0, -39, 0, 0, -1, -8, -48
"d:\UAC TRY-1\static\assets\select2\src\js\select2\i18n\nl.js", "JavaScript", 0, -39, 0, 0, -1, -7, -47
"d:\UAC TRY-1\static\assets\select2\src\js\select2\i18n\pa.js", "JavaScript", 0, -41, 0, 0, -5, -10, -56
"d:\UAC TRY-1\static\assets\select2\src\js\select2\i18n\pl.js", "JavaScript", 0, -43, 0, 0, -1, -5, -49
"d:\UAC TRY-1\static\assets\select2\src\js\select2\i18n\ps.js", "JavaScript", 0, -39, 0, 0, -2, -8, -49
"d:\UAC TRY-1\static\assets\select2\src\js\select2\i18n\pt-BR.js", "JavaScript", 0, -41, 0, 0, -1, -8, -50
"d:\UAC TRY-1\static\assets\select2\src\js\select2\i18n\pt.js", "JavaScript", 0, -35, 0, 0, -1, -8, -44
"d:\UAC TRY-1\static\assets\select2\src\js\select2\i18n\ro.js", "JavaScript", 0, -41, 0, 0, -1, -8, -50
"d:\UAC TRY-1\static\assets\select2\src\js\select2\i18n\ru.js", "JavaScript", 0, -49, 0, 0, -1, -12, -62
"d:\UAC TRY-1\static\assets\select2\src\js\select2\i18n\sk.js", "JavaScript", 0, -56, 0, 0, -2, -5, -63
"d:\UAC TRY-1\static\assets\select2\src\js\select2\i18n\sl.js", "JavaScript", 0, -48, 0, 0, -1, -9, -58
"d:\UAC TRY-1\static\assets\select2\src\js\select2\i18n\sq.js", "JavaScript", 0, -40, 0, 0, -1, -8, -49
"d:\UAC TRY-1\static\assets\select2\src\js\select2\i18n\sr-Cyrl.js", "JavaScript", 0, -46, 0, 0, -1, -12, -59
"d:\UAC TRY-1\static\assets\select2\src\js\select2\i18n\sr.js", "JavaScript", 0, -46, 0, 0, -1, -12, -59
"d:\UAC TRY-1\static\assets\select2\src\js\select2\i18n\sv.js", "JavaScript", 0, -34, 0, 0, -1, -6, -41
"d:\UAC TRY-1\static\assets\select2\src\js\select2\i18n\te.js", "JavaScript", 0, -46, 0, 0, -1, -7, -54
"d:\UAC TRY-1\static\assets\select2\src\js\select2\i18n\th.js", "JavaScript", 0, -33, 0, 0, -1, -6, -40
"d:\UAC TRY-1\static\assets\select2\src\js\select2\i18n\tk.js", "JavaScript", 0, -33, 0, 0, -2, -6, -41
"d:\UAC TRY-1\static\assets\select2\src\js\select2\i18n\tr.js", "JavaScript", 0, -33, 0, 0, -1, -6, -40
"d:\UAC TRY-1\static\assets\select2\src\js\select2\i18n\uk.js", "JavaScript", 0, -44, 0, 0, -1, -2, -47
"d:\UAC TRY-1\static\assets\select2\src\js\select2\i18n\vi.js", "JavaScript", 0, -31, 0, 0, -1, -6, -38
"d:\UAC TRY-1\static\assets\select2\src\js\select2\i18n\zh-CN.js", "JavaScript", 0, -33, 0, 0, -1, -6, -40
"d:\UAC TRY-1\static\assets\select2\src\js\select2\i18n\zh-TW.js", "JavaScript", 0, -30, 0, 0, -1, -6, -37
"d:\UAC TRY-1\static\assets\select2\src\js\select2\keys.js", "JavaScript", 0, -23, 0, 0, 0, -3, -26
"d:\UAC TRY-1\static\assets\select2\src\js\select2\options.js", "JavaScript", 0, -98, 0, 0, -9, -30, -137
"d:\UAC TRY-1\static\assets\select2\src\js\select2\results.js", "JavaScript", 0, -391, 0, 0, -11, -142, -544
"d:\UAC TRY-1\static\assets\select2\src\js\select2\selection\allowClear.js", "JavaScript", 0, -91, 0, 0, -5, -28, -124
"d:\UAC TRY-1\static\assets\select2\src\js\select2\selection\base.js", "JavaScript", 0, -119, 0, 0, -18, -42, -179
"d:\UAC TRY-1\static\assets\select2\src\js\select2\selection\clickMask.js", "JavaScript", 0, -22, 0, 0, 0, -8, -30
"d:\UAC TRY-1\static\assets\select2\src\js\select2\selection\eventRelay.js", "JavaScript", 0, -34, 0, 0, -4, -11, -49
"d:\UAC TRY-1\static\assets\select2\src\js\select2\selection\multiple.js", "JavaScript", 0, -114, 0, 0, -2, -40, -156
"d:\UAC TRY-1\static\assets\select2\src\js\select2\selection\placeholder.js", "JavaScript", 0, -43, 0, 0, 0, -16, -59
"d:\UAC TRY-1\static\assets\select2\src\js\select2\selection\search.js", "JavaScript", 0, -164, 0, 0, -24, -55, -243
"d:\UAC TRY-1\static\assets\select2\src\js\select2\selection\selectionCss.js", "JavaScript", 0, -16, 0, 0, 0, -8, -24
"d:\UAC TRY-1\static\assets\select2\src\js\select2\selection\single.js", "JavaScript", 0, -80, 0, 0, -3, -26, -109
"d:\UAC TRY-1\static\assets\select2\src\js\select2\selection\stopPropagation.js", "JavaScript", 0, -33, 0, 0, 0, -6, -39
"d:\UAC TRY-1\static\assets\select2\src\js\select2\translation.js", "JavaScript", 0, -26, 0, 0, -1, -10, -37
"d:\UAC TRY-1\static\assets\select2\src\js\select2\utils.js", "JavaScript", 0, -235, 0, 0, -28, -88, -351
"d:\UAC TRY-1\static\assets\select2\src\js\wrapper.end.js", "JavaScript", 0, -4, 0, 0, -6, -3, -13
"d:\UAC TRY-1\static\assets\select2\src\js\wrapper.start.js", "JavaScript", 0, -21, 0, 0, -17, 0, -38
"d:\UAC TRY-1\static\assets\select2\src\scss\_dropdown.scss", "SCSS", 0, 0, -55, 0, 0, -19, -74
"d:\UAC TRY-1\static\assets\select2\src\scss\_multiple.scss", "SCSS", 0, 0, -38, 0, 0, -8, -46
"d:\UAC TRY-1\static\assets\select2\src\scss\_single.scss", "SCSS", 0, 0, -29, 0, 0, -8, -37
"d:\UAC TRY-1\static\assets\select2\src\scss\core.scss", "SCSS", 0, 0, -41, 0, -1, -9, -51
"d:\UAC TRY-1\static\assets\select2\src\scss\mixins\_gradients.scss", "SCSS", 0, 0, -7, 0, -5, -2, -14
"d:\UAC TRY-1\static\assets\select2\src\scss\theme\classic\_defaults.scss", "SCSS", 0, 0, -21, 0, 0, -14, -35
"d:\UAC TRY-1\static\assets\select2\src\scss\theme\classic\_multiple.scss", "SCSS", 0, 0, -81, 0, 0, -22, -103
"d:\UAC TRY-1\static\assets\select2\src\scss\theme\classic\_single.scss", "SCSS", 0, 0, -94, 0, 0, -32, -126
"d:\UAC TRY-1\static\assets\select2\src\scss\theme\classic\layout.scss", "SCSS", 0, 0, -50, 0, 0, -13, -63
"d:\UAC TRY-1\static\assets\select2\src\scss\theme\default\_multiple.scss", "SCSS", 0, 0, -104, 0, -4, -24, -132
"d:\UAC TRY-1\static\assets\select2\src\scss\theme\default\_single.scss", "SCSS", 0, 0, -69, 0, 0, -18, -87
"d:\UAC TRY-1\static\assets\select2\src\scss\theme\default\layout.scss", "SCSS", 0, 0, -80, 0, 0, -18, -98
"d:\UAC TRY-1\uac\__init__.py", "Python", 0, 0, 0, 0, 0, 1, 1
"d:\UAC TRY-1\uac\asgi.py", "Python", 4, 0, 0, 0, 8, 5, 17
"d:\UAC TRY-1\uac\settings.py", "Python", 101, 0, 0, 0, 229, 49, 379
"d:\UAC TRY-1\uac\urls.py", "Python", 12, 0, 0, 0, 15, 6, 33
"d:\UAC TRY-1\uac\wsgi.py", "Python", 4, 0, 0, 0, 8, 5, 17
"Total", "-", 121, -30062, -669, -35723, -2559, -16138, -85030