{"file:///d%3A/UAC%20TRY-1/base/admin.py":{"language":"Python","code":8,"comment":1,"blank":1},"file:///d%3A/UAC%20TRY-1/base/urls.py":{"language":"Python","code":32,"comment":0,"blank":11},"file:///d%3A/UAC%20TRY-1/base/templatetags/customfilter.py":{"language":"Python","code":14,"comment":0,"blank":5},"file:///d%3A/UAC%20TRY-1/base/views.py":{"language":"Python","code":216,"comment":524,"blank":45},"file:///d%3A/UAC%20TRY-1/base/apps.py":{"language":"Python","code":5,"comment":0,"blank":3},"file:///d%3A/UAC%20TRY-1/base/tests.py":{"language":"Python","code":1,"comment":1,"blank":2},"file:///d%3A/UAC%20TRY-1/base/templates/reserve.html":{"language":"HTML","code":347,"comment":1,"blank":44},"file:///d%3A/UAC%20TRY-1/base/__init__.py":{"language":"Python","code":0,"comment":0,"blank":1},"file:///d%3A/UAC%20TRY-1/base/templates/result1.html":{"language":"HTML","code":242,"comment":1,"blank":52},"file:///d%3A/UAC%20TRY-1/base/models.py":{"language":"Python","code":123,"comment":1,"blank":33},"file:///d%3A/UAC%20TRY-1/base/forms.py":{"language":"Python","code":42,"comment":0,"blank":8}}